timestamp_utc,process,working_set_mib,gpu_used_mib,gpu_total_mib
2026-09-26T14:57:40.3204305Z,llama-server,800.6,5555,6144
2026-09-26T14:57:40.9081921Z,llama-server,800.6,5555,6144
2026-09-26T14:57:41.4669789Z,llama-server,800.6,5555,6144
2026-09-26T14:57:42.0290288Z,llama-server,800.6,5555,6144
2026-09-26T14:57:42.5894169Z,llama-server,800.6,5555,6144
2026-09-26T14:57:43.1559487Z,llama-server,800.6,5555,6144
2026-09-26T14:57:43.7125540Z,llama-server,800.6,5555,6144
2026-09-26T14:57:44.2741516Z,llama-server,800.6,5555,6144
2026-09-26T14:57:44.8340351Z,llama-server,800.6,5555,6144
2026-09-26T14:57:45.3982433Z,llama-server,800.6,5555,6144
2026-09-26T14:57:45.9587220Z,llama-server,800.6,5555,6144
2026-09-26T14:57:46.5199707Z,llama-server,800.6,5555,6144
2026-09-26T14:57:47.0833786Z,llama-server,800.6,5555,6144
2026-09-26T14:57:47.6425909Z,llama-server,800.6,5555,6144
2026-09-26T14:57:48.2033037Z,llama-server,800.6,5555,6144
2026-09-26T14:57:48.7706871Z,llama-server,800.6,5555,6144
2026-09-26T14:57:49.3283109Z,llama-server,800.6,5555,6144
2026-09-26T14:57:49.8911560Z,llama-server,800.6,5555,6144
2026-09-26T14:57:50.4540403Z,llama-server,800.6,5555,6144
2026-09-26T14:57:51.0199449Z,llama-server,800.6,5555,6144
2026-09-26T14:57:51.5763526Z,llama-server,800.6,5555,6144
2026-09-26T14:57:52.1357928Z,llama-server,800.6,5555,6144
2026-09-26T14:57:52.6924205Z,llama-server,800.6,5555,6144
2026-09-26T14:57:53.2608693Z,llama-server,800.6,5555,6144
2026-09-26T14:57:53.8267216Z,llama-server,800.6,5555,6144
2026-09-26T14:57:54.3912778Z,llama-server,800.6,5555,6144
2026-09-26T14:57:54.9632556Z,llama-server,800.6,5555,6144
2026-09-26T14:57:55.5200227Z,llama-server,800.6,5555,6144
2026-09-26T14:57:56.0859642Z,llama-server,800.6,5555,6144
2026-09-26T14:57:56.6446512Z,llama-server,818.5,5555,6144
2026-09-26T14:57:57.2046105Z,llama-server,820.4,5555,6144
2026-09-26T14:57:57.7742699Z,llama-server,820.4,5555,6144
2026-09-26T14:57:58.3445169Z,llama-server,820.4,5555,6144
2026-09-26T14:57:58.9129185Z,llama-server,820.4,5555,6144
2026-09-26T14:57:59.4697326Z,llama-server,820.4,5555,6144
2026-09-26T14:58:00.0341710Z,llama-server,820.4,5555,6144
2026-09-26T14:58:00.6319189Z,llama-server,820.4,5555,6144
2026-09-26T14:58:01.1994393Z,llama-server,820.4,5555,6144
2026-09-26T14:58:01.7608103Z,llama-server,820.4,5555,6144
2026-09-26T14:58:02.3204359Z,llama-server,820.4,5555,6144
2026-09-26T14:58:03.1950984Z,llama-server,820.4,5555,6144
2026-09-26T14:58:03.7555628Z,llama-server,785.4,5555,6144
2026-09-26T14:58:04.3130448Z,llama-server,785.4,5555,6144
2026-09-26T14:58:04.8746297Z,llama-server,785.4,5555,6144
2026-09-26T14:58:05.4355245Z,llama-server,785.4,5555,6144
2026-09-26T14:58:05.9941730Z,llama-server,785.4,5555,6144
2026-09-26T14:58:06.5545110Z,llama-server,785.4,5555,6144
2026-09-26T14:58:07.1135636Z,llama-server,808.9,5555,6144
2026-09-26T14:58:07.6799115Z,llama-server,808.9,5555,6144
2026-09-26T14:58:08.2373220Z,llama-server,808.9,5555,6144
2026-09-26T14:58:08.8085442Z,llama-server,808.9,5555,6144
2026-09-26T14:58:09.3693259Z,llama-server,808.9,5555,6144
2026-09-26T14:58:09.9294372Z,llama-server,808.9,5555,6144
2026-09-26T14:58:10.4971910Z,llama-server,808.9,5555,6144
2026-09-26T14:58:11.0660663Z,llama-server,808.9,5555,6144
2026-09-26T14:58:11.6348254Z,llama-server,808.9,5555,6144
2026-09-26T14:58:12.2079393Z,llama-server,809,5555,6144
2026-09-26T14:58:12.7741479Z,llama-server,809,5555,6144
2026-09-26T14:58:13.3362063Z,llama-server,809,5555,6144
2026-09-26T14:58:13.9067496Z,llama-server,809,5555,6144
2026-09-26T14:58:14.4749107Z,llama-server,809,5555,6144
2026-09-26T14:58:15.0534400Z,llama-server,785.5,5555,6144
2026-09-26T14:58:15.6171569Z,llama-server,785.5,5555,6144
2026-09-26T14:58:16.1812672Z,llama-server,785.5,5555,6144
2026-09-26T14:58:16.7412319Z,llama-server,785.5,5555,6144
2026-09-26T14:58:17.3021268Z,llama-server,785.5,5555,6144
2026-09-26T14:58:17.8578988Z,llama-server,785.5,5555,6144
2026-09-26T14:58:18.4207092Z,llama-server,785.5,5555,6144
2026-09-26T14:58:18.9807996Z,llama-server,785.5,5555,6144
2026-09-26T14:58:19.5379637Z,llama-server,785.5,5555,6144
2026-09-26T14:58:20.1020977Z,llama-server,785.5,5555,6144
2026-09-26T14:58:20.6604912Z,llama-server,785.5,5555,6144
2026-09-26T14:58:21.2219305Z,llama-server,785.5,5555,6144
2026-09-26T14:58:21.7891483Z,llama-server,785.5,5555,6144
2026-09-26T14:58:22.3514931Z,llama-server,811.1,5555,6144
2026-09-26T14:58:22.9126148Z,llama-server,812.8,5555,6144
2026-09-26T14:58:23.4721567Z,llama-server,812.8,5555,6144
2026-09-26T14:58:24.0289363Z,llama-server,812.8,5555,6144
2026-09-26T14:58:24.5930340Z,llama-server,800.9,5555,6144
2026-09-26T14:58:25.1731179Z,llama-server,800.9,5555,6144
2026-09-26T14:58:25.7306034Z,llama-server,800.9,5555,6144
2026-09-26T14:58:26.2887718Z,llama-server,801,5555,6144
2026-09-26T14:58:26.8623030Z,llama-server,801,5555,6144
2026-09-26T14:58:27.4387244Z,llama-server,801,5555,6144
2026-09-26T14:58:28.0092221Z,llama-server,799.8,5555,6144
2026-09-26T14:58:28.5692741Z,llama-server,799.8,5555,6144
2026-09-26T14:58:29.1267833Z,llama-server,799.8,5555,6144
2026-09-26T14:58:29.6843268Z,llama-server,799.8,5555,6144
2026-09-26T14:58:30.2473403Z,llama-server,799.8,5555,6144
2026-09-26T14:58:30.8091264Z,llama-server,799.8,5555,6144
2026-09-26T14:58:31.3688276Z,llama-server,799.8,5555,6144
2026-09-26T14:58:31.9410405Z,llama-server,799.8,5555,6144
2026-09-26T14:58:32.5070682Z,llama-server,799.8,5555,6144
2026-09-26T14:58:33.0723698Z,llama-server,799.8,5555,6144
2026-09-26T14:58:33.6364745Z,llama-server,799.8,5555,6144
2026-09-26T14:58:34.1997160Z,llama-server,799.8,5555,6144
2026-09-26T14:58:34.7578057Z,llama-server,799.8,5555,6144
2026-09-26T14:58:35.3145186Z,llama-server,799.8,5555,6144
2026-09-26T14:58:35.8712866Z,llama-server,799.8,5555,6144
2026-09-26T14:58:36.4334312Z,llama-server,799.8,5555,6144
2026-09-26T14:58:37.0041237Z,llama-server,799.8,5555,6144
2026-09-26T14:58:37.5615545Z,llama-server,799.8,5555,6144
2026-09-26T14:58:38.1310211Z,llama-server,799.8,5555,6144
2026-09-26T14:58:38.6967967Z,llama-server,799.8,5555,6144
2026-09-26T14:58:39.2700631Z,llama-server,799.8,5555,6144
2026-09-26T14:58:39.8308943Z,llama-server,799.8,5555,6144
2026-09-26T14:58:40.4098860Z,llama-server,799.8,5555,6144
2026-09-26T14:58:40.9930989Z,llama-server,799.8,5555,6144
2026-09-26T14:58:41.5516038Z,llama-server,799.8,5555,6144
2026-09-26T14:58:42.1086951Z,llama-server,799.8,5555,6144
2026-09-26T14:58:42.6696905Z,llama-server,799.8,5555,6144
2026-09-26T14:58:43.2330556Z,llama-server,799.8,5555,6144
2026-09-26T14:58:43.8041227Z,llama-server,799.8,5555,6144
2026-09-26T14:58:44.3725967Z,llama-server,799.8,5555,6144
2026-09-26T14:58:44.9331811Z,llama-server,799.8,5555,6144
2026-09-26T14:58:45.5089270Z,llama-server,799.8,5555,6144
2026-09-26T14:58:46.0720184Z,llama-server,799.8,5555,6144
2026-09-26T14:58:46.6307604Z,llama-server,799.8,5555,6144
2026-09-26T14:58:47.1946291Z,llama-server,799.8,5555,6144
2026-09-26T14:58:47.7655681Z,llama-server,799.8,5555,6144
2026-09-26T14:58:48.3269604Z,llama-server,799.8,5555,6144
2026-09-26T14:58:48.8854088Z,llama-server,799.8,5555,6144
2026-09-26T14:58:49.4440005Z,llama-server,799.8,5555,6144
2026-09-26T14:58:50.0218388Z,llama-server,799.8,5555,6144
2026-09-26T14:58:50.5922757Z,llama-server,799.8,5555,6144
2026-09-26T14:58:51.1547956Z,llama-server,799.8,5555,6144
2026-09-26T14:58:51.7135208Z,llama-server,799.8,5555,6144
2026-09-26T14:58:52.2970565Z,llama-server,799.8,5555,6144
2026-09-26T14:58:52.8619220Z,llama-server,799.8,5555,6144
2026-09-26T14:58:53.4217157Z,llama-server,799.8,5555,6144
2026-09-26T14:58:53.9844475Z,llama-server,799.8,5555,6144
2026-09-26T14:58:54.5433541Z,llama-server,799.8,5555,6144
2026-09-26T14:58:55.1004728Z,llama-server,799.8,5555,6144
2026-09-26T14:58:55.6587771Z,llama-server,799.8,5555,6144
2026-09-26T14:58:56.2192744Z,llama-server,799.8,5555,6144
2026-09-26T14:58:56.7897015Z,llama-server,799.8,5555,6144
2026-09-26T14:58:57.3547822Z,llama-server,799.8,5555,6144
2026-09-26T14:58:57.9154129Z,llama-server,799.8,5555,6144
2026-09-26T14:58:58.4752418Z,llama-server,799.8,5555,6144
2026-09-26T14:58:59.0493651Z,llama-server,799.8,5555,6144
2026-09-26T14:58:59.6141325Z,llama-server,799.8,5555,6144
2026-09-26T14:59:00.1728572Z,llama-server,799.8,5555,6144
2026-09-26T14:59:00.7380267Z,llama-server,799.8,5555,6144
2026-09-26T14:59:01.3006852Z,llama-server,799.8,5555,6144
2026-09-26T14:59:01.9273687Z,llama-server,799.8,5555,6144
2026-09-26T14:59:02.5115843Z,llama-server,799.8,5555,6144
2026-09-26T14:59:03.0988684Z,llama-server,799.8,5555,6144
2026-09-26T14:59:03.6692634Z,llama-server,799.8,5555,6144
2026-09-26T14:59:04.2265924Z,llama-server,799.8,5555,6144
2026-09-26T14:59:04.7955905Z,llama-server,799.8,5555,6144
2026-09-26T14:59:05.3804476Z,llama-server,799.8,5555,6144
2026-09-26T14:59:05.9437090Z,llama-server,799.8,5555,6144
2026-09-26T14:59:06.5045943Z,llama-server,799.8,5555,6144
2026-09-26T14:59:07.0666883Z,llama-server,799.8,5555,6144
2026-09-26T14:59:07.6436875Z,llama-server,799.8,5555,6144
2026-09-26T14:59:08.2030626Z,llama-server,799.8,5555,6144
2026-09-26T14:59:08.7650392Z,llama-server,799.8,5555,6144
2026-09-26T14:59:09.3220638Z,llama-server,799.8,5555,6144
2026-09-26T14:59:09.8986233Z,llama-server,799.8,5555,6144
2026-09-26T14:59:10.4587841Z,llama-server,799.8,5555,6144
2026-09-26T14:59:11.0184512Z,llama-server,799.8,5555,6144
2026-09-26T14:59:11.5827679Z,llama-server,799.8,5555,6144
2026-09-26T14:59:12.1411837Z,llama-server,799.8,5555,6144
2026-09-26T14:59:12.7017102Z,llama-server,799.8,5555,6144
2026-09-26T14:59:13.2657563Z,llama-server,799.8,5555,6144
2026-09-26T14:59:13.8279824Z,llama-server,799.8,5555,6144
2026-09-26T14:59:14.4032286Z,llama-server,799.8,5555,6144
2026-09-26T14:59:14.9622249Z,llama-server,799.8,5555,6144
2026-09-26T14:59:15.5292696Z,llama-server,799.8,5555,6144
2026-09-26T14:59:16.1031884Z,llama-server,799.8,5555,6144
2026-09-26T14:59:16.6682240Z,llama-server,799.8,5555,6144
2026-09-26T14:59:17.2301142Z,llama-server,799.8,5555,6144
2026-09-26T14:59:17.7908873Z,llama-server,799.8,5555,6144
2026-09-26T14:59:18.3528812Z,llama-server,799.8,5555,6144
2026-09-26T14:59:18.9248638Z,llama-server,799.8,5555,6144
2026-09-26T14:59:19.4916954Z,llama-server,799.8,5555,6144
2026-09-26T14:59:20.0526404Z,llama-server,799.8,5555,6144
2026-09-26T14:59:20.6187801Z,llama-server,799.8,5555,6144
2026-09-26T14:59:21.1826437Z,llama-server,799.8,5555,6144
2026-09-26T14:59:21.7439837Z,llama-server,799.8,5555,6144
2026-09-26T14:59:22.3043270Z,llama-server,799.8,5555,6144
2026-09-26T14:59:22.8682441Z,llama-server,799.8,5555,6144
2026-09-26T14:59:23.4340615Z,llama-server,799.8,5555,6144
2026-09-26T14:59:24.0021568Z,llama-server,799.8,5555,6144
2026-09-26T14:59:24.5666956Z,llama-server,799.8,5555,6144
2026-09-26T14:59:25.1348067Z,llama-server,799.8,5555,6144
2026-09-26T14:59:25.6985489Z,llama-server,799.8,5555,6144
2026-09-26T14:59:26.2526426Z,llama-server,799.8,5555,6144
2026-09-26T14:59:26.8219620Z,llama-server,799.8,5555,6144
2026-09-26T14:59:27.3805938Z,llama-server,799.8,5555,6144
2026-09-26T14:59:27.9535950Z,llama-server,799.8,5555,6144
2026-09-26T14:59:28.5158784Z,llama-server,799.8,5555,6144
2026-09-26T14:59:29.0792515Z,llama-server,799.8,5555,6144
2026-09-26T14:59:29.6593963Z,llama-server,799.8,5555,6144
2026-09-26T14:59:30.2347137Z,llama-server,799.8,5555,6144
2026-09-26T14:59:30.7937692Z,llama-server,799.8,5555,6144
2026-09-26T14:59:31.3572949Z,llama-server,799.8,5555,6144
2026-09-26T14:59:31.9161926Z,llama-server,799.8,5555,6144
2026-09-26T14:59:32.4786926Z,llama-server,799.8,5555,6144
2026-09-26T14:59:33.0455114Z,llama-server,799.8,5555,6144
2026-09-26T14:59:33.6140246Z,llama-server,799.8,5555,6144
2026-09-26T14:59:34.1771154Z,llama-server,799.8,5555,6144
2026-09-26T14:59:34.7511621Z,llama-server,799.8,5555,6144
2026-09-26T14:59:35.3191909Z,llama-server,799.8,5555,6144
2026-09-26T14:59:35.8790869Z,llama-server,799.8,5555,6144
2026-09-26T14:59:36.4387564Z,llama-server,799.8,5555,6144
2026-09-26T14:59:37.0040256Z,llama-server,799.8,5555,6144
2026-09-26T14:59:37.5901890Z,llama-server,799.8,5555,6144
2026-09-26T14:59:38.1515774Z,llama-server,799.8,5555,6144
2026-09-26T14:59:38.7139997Z,llama-server,799.8,5555,6144
2026-09-26T14:59:39.2937444Z,llama-server,799.8,5555,6144
2026-09-26T14:59:39.8632412Z,llama-server,799.8,5555,6144
2026-09-26T14:59:40.4228607Z,llama-server,799.8,5555,6144
2026-09-26T14:59:41.0005838Z,llama-server,799.8,5555,6144
2026-09-26T14:59:41.5723407Z,llama-server,799.8,5555,6144
2026-09-26T14:59:42.1363023Z,llama-server,799.8,5555,6144
2026-09-26T14:59:42.6945464Z,llama-server,799.8,5555,6144
2026-09-26T14:59:43.2588272Z,llama-server,799.8,5555,6144
2026-09-26T14:59:43.8355395Z,llama-server,799.8,5555,6144
2026-09-26T14:59:44.3949863Z,llama-server,799.8,5555,6144
2026-09-26T14:59:44.9657946Z,llama-server,799.8,5555,6144
2026-09-26T14:59:45.5312646Z,llama-server,799.8,5555,6144
2026-09-26T14:59:46.1204030Z,llama-server,799.8,5555,6144
2026-09-26T14:59:46.6799414Z,llama-server,799.8,5555,6144
2026-09-26T14:59:47.2372690Z,llama-server,799.8,5555,6144
2026-09-26T14:59:47.7997755Z,llama-server,799.8,5555,6144
2026-09-26T14:59:48.3612908Z,llama-server,799.8,5555,6144
2026-09-26T14:59:48.9315618Z,llama-server,799.8,5555,6144
2026-09-26T14:59:49.4956067Z,llama-server,799.8,5555,6144
2026-09-26T14:59:50.0545143Z,llama-server,799.8,5555,6144
2026-09-26T14:59:50.6323864Z,llama-server,799.8,5555,6144
2026-09-26T14:59:51.1897186Z,llama-server,799.8,5555,6144
2026-09-26T14:59:51.7476617Z,llama-server,799.8,5555,6144
2026-09-26T14:59:52.3090040Z,llama-server,799.8,5555,6144
2026-09-26T14:59:52.8915420Z,llama-server,799.8,5555,6144
2026-09-26T14:59:53.4485134Z,llama-server,799.8,5555,6144
2026-09-26T14:59:54.0176308Z,llama-server,799.8,5555,6144
2026-09-26T14:59:54.5792211Z,llama-server,799.8,5555,6144
2026-09-26T14:59:55.1550799Z,llama-server,799.8,5555,6144
2026-09-26T14:59:55.7148586Z,llama-server,799.8,5555,6144
2026-09-26T14:59:56.2784104Z,llama-server,799.8,5555,6144
2026-09-26T14:59:56.8357459Z,llama-server,799.8,5555,6144
2026-09-26T14:59:57.4085809Z,llama-server,799.8,5555,6144
2026-09-26T14:59:57.9696125Z,llama-server,799.8,5555,6144
2026-09-26T14:59:58.5326885Z,llama-server,799.8,5555,6144
2026-09-26T14:59:59.1095998Z,llama-server,799.8,5555,6144
2026-09-26T14:59:59.7020315Z,llama-server,799.8,5555,6144
2026-09-26T15:00:00.2622937Z,llama-server,799.8,5555,6144
2026-09-26T15:00:00.8242043Z,llama-server,799.8,5555,6144
2026-09-26T15:00:01.3892069Z,llama-server,799.8,5555,6144
2026-09-26T15:00:01.9490998Z,llama-server,799.8,5555,6144
2026-09-26T15:00:02.5157896Z,llama-server,799.8,5555,6144
2026-09-26T15:00:03.0773657Z,llama-server,799.8,5555,6144
2026-09-26T15:00:03.6377502Z,llama-server,799.8,5555,6144
2026-09-26T15:00:04.2126503Z,llama-server,799.8,5555,6144
2026-09-26T15:00:04.7764573Z,llama-server,799.8,5555,6144
2026-09-26T15:00:05.3354184Z,llama-server,799.8,5555,6144
2026-09-26T15:00:05.9141062Z,llama-server,799.8,5555,6144
2026-09-26T15:00:06.4738471Z,llama-server,799.8,5555,6144
2026-09-26T15:00:07.0315224Z,llama-server,799.8,5555,6144
2026-09-26T15:00:07.5893519Z,llama-server,799.8,5555,6144
2026-09-26T15:00:08.1527801Z,llama-server,799.8,5555,6144
2026-09-26T15:00:08.7314745Z,llama-server,799.8,5555,6144
2026-09-26T15:00:09.2881510Z,llama-server,799.8,5555,6144
2026-09-26T15:00:09.8496382Z,llama-server,799.8,5555,6144
2026-09-26T15:00:10.4174626Z,llama-server,799.8,5555,6144
2026-09-26T15:00:10.9930138Z,llama-server,799.8,5555,6144
2026-09-26T15:00:11.5554089Z,llama-server,799.8,5555,6144
2026-09-26T15:00:12.1171803Z,llama-server,799.8,5555,6144
2026-09-26T15:00:12.6788540Z,llama-server,799.8,5555,6144
