timestamp,process_working_set_bytes,gpu_memory_used,gpu_utilization
2026-09-26T19:29:56.3237314+06:00,5540888576,5553 MiB, 0 %
2026-09-26T19:29:56.9039295+06:00,5540888576,5553 MiB, 0 %
2026-09-26T19:29:57.4629319+06:00,5540888576,5553 MiB, 0 %
2026-09-26T19:29:58.0268555+06:00,5540888576,5553 MiB, 0 %
2026-09-26T19:29:58.5850735+06:00,5540888576,5553 MiB, 0 %
2026-09-26T19:29:59.1464767+06:00,5540888576,5553 MiB, 0 %
2026-09-26T19:29:59.7092156+06:00,5540888576,5553 MiB, 0 %
2026-09-26T19:30:00.2727499+06:00,5540888576,5553 MiB, 0 %
2026-09-26T19:30:00.8307718+06:00,5540888576,5553 MiB, 0 %
2026-09-26T19:30:01.3886068+06:00,5540888576,5553 MiB, 0 %
2026-09-26T19:30:01.9505389+06:00,5540888576,5553 MiB, 0 %
2026-09-26T19:30:02.5105839+06:00,5540888576,5553 MiB, 0 %
2026-09-26T19:30:03.0825802+06:00,5540888576,5553 MiB, 0 %
2026-09-26T19:30:03.6404776+06:00,5540888576,5553 MiB, 0 %
2026-09-26T19:30:04.2039647+06:00,5540888576,5553 MiB, 0 %
2026-09-26T19:30:04.7639544+06:00,5540888576,5553 MiB, 0 %
2026-09-26T19:30:05.3232923+06:00,5540888576,5553 MiB, 0 %
2026-09-26T19:30:05.8863330+06:00,5540888576,5553 MiB, 0 %
2026-09-26T19:30:06.4401029+06:00,5540888576,5553 MiB, 0 %
2026-09-26T19:30:06.9969473+06:00,5540888576,5553 MiB, 0 %
2026-09-26T19:30:07.5676709+06:00,5540888576,5553 MiB, 0 %
2026-09-26T19:30:08.1305955+06:00,5540888576,5553 MiB, 0 %
2026-09-26T19:30:08.6937099+06:00,5540888576,5553 MiB, 0 %
2026-09-26T19:30:09.2537458+06:00,5540888576,5553 MiB, 0 %
2026-09-26T19:30:09.8113946+06:00,5540888576,5553 MiB, 0 %
2026-09-26T19:30:10.3743299+06:00,5540888576,5553 MiB, 0 %
2026-09-26T19:30:10.9336977+06:00,5540888576,5553 MiB, 0 %
2026-09-26T19:30:11.4950799+06:00,5540888576,5553 MiB, 0 %
2026-09-26T19:30:12.0541759+06:00,5540888576,5553 MiB, 0 %
2026-09-26T19:30:12.6097717+06:00,5540888576,5553 MiB, 0 %
2026-09-26T19:30:13.1704940+06:00,5559808000,5553 MiB, 0 %
2026-09-26T19:30:13.7287154+06:00,5528092672,5553 MiB, 100 %
2026-09-26T19:30:14.2912457+06:00,5528092672,5553 MiB, 96 %
2026-09-26T19:30:14.8518868+06:00,5528092672,5553 MiB, 95 %
2026-09-26T19:30:15.4114802+06:00,5528092672,5553 MiB, 96 %
2026-09-26T19:30:15.9705938+06:00,5528092672,5553 MiB, 92 %
2026-09-26T19:30:16.5345453+06:00,5528092672,5553 MiB, 96 %
2026-09-26T19:30:17.0963574+06:00,5528092672,5553 MiB, 95 %
2026-09-26T19:30:17.6494653+06:00,5528092672,5553 MiB, 97 %
2026-09-26T19:30:18.2054315+06:00,5528100864,5553 MiB, 96 %
2026-09-26T19:30:18.7661288+06:00,5528104960,5553 MiB, 96 %
2026-09-26T19:30:19.3304364+06:00,5528150016,5553 MiB, 95 %
2026-09-26T19:30:19.8911760+06:00,5512957952,5553 MiB, 94 %
2026-09-26T19:30:20.4519194+06:00,5512957952,5553 MiB, 95 %
2026-09-26T19:30:21.0170048+06:00,5512957952,5553 MiB, 97 %
2026-09-26T19:30:21.5775522+06:00,5512957952,5553 MiB, 96 %
2026-09-26T19:30:22.1381739+06:00,5512957952,5553 MiB, 96 %
2026-09-26T19:30:22.6999741+06:00,5512957952,5553 MiB, 97 %
2026-09-26T19:30:23.2616624+06:00,5512957952,5553 MiB, 96 %
2026-09-26T19:30:23.8242275+06:00,5537927168,5553 MiB, 48 %
2026-09-26T19:30:24.3823344+06:00,5537927168,5553 MiB, 96 %
2026-09-26T19:30:24.9404863+06:00,5537927168,5553 MiB, 96 %
2026-09-26T19:30:25.4970341+06:00,5537927168,5553 MiB, 96 %
2026-09-26T19:30:26.0589794+06:00,5537927168,5553 MiB, 96 %
2026-09-26T19:30:26.6193900+06:00,5537927168,5553 MiB, 96 %
2026-09-26T19:30:27.1812443+06:00,5537927168,5553 MiB, 96 %
2026-09-26T19:30:27.7464622+06:00,5537927168,5553 MiB, 96 %
2026-09-26T19:30:28.3073605+06:00,5537927168,5553 MiB, 96 %
2026-09-26T19:30:28.8787211+06:00,5537931264,5553 MiB, 94 %
2026-09-26T19:30:29.4392812+06:00,5537955840,5553 MiB, 94 %
2026-09-26T19:30:29.9990445+06:00,5537980416,5553 MiB, 94 %
2026-09-26T19:30:30.5699333+06:00,5537992704,5553 MiB, 94 %
2026-09-26T19:30:31.1265855+06:00,5521301504,5553 MiB, 97 %
2026-09-26T19:30:31.6949541+06:00,5523128320,5553 MiB, 94 %
2026-09-26T19:30:32.2553153+06:00,5523128320,5553 MiB, 97 %
2026-09-26T19:30:32.8144352+06:00,5523128320,5553 MiB, 97 %
2026-09-26T19:30:33.3753002+06:00,5523128320,5553 MiB, 96 %
2026-09-26T19:30:33.9401907+06:00,5523128320,5553 MiB, 96 %
2026-09-26T19:30:34.5026462+06:00,5523128320,5553 MiB, 97 %
2026-09-26T19:30:35.0632815+06:00,5523128320,5553 MiB, 96 %
2026-09-26T19:30:35.6231431+06:00,5523128320,5553 MiB, 96 %
2026-09-26T19:30:36.1993482+06:00,5523128320,5553 MiB, 97 %
2026-09-26T19:30:36.7619602+06:00,5523128320,5553 MiB, 92 %
2026-09-26T19:30:37.3200746+06:00,5523156992,5553 MiB, 95 %
2026-09-26T19:30:37.8752811+06:00,5523165184,5553 MiB, 96 %
2026-09-26T19:30:38.4292323+06:00,5523165184,5553 MiB, 97 %
2026-09-26T19:30:38.9888498+06:00,5555232768,5553 MiB, 92 %
2026-09-26T19:30:39.5455995+06:00,5555257344,5553 MiB, 96 %
2026-09-26T19:30:40.1122760+06:00,5558177792,5553 MiB, 94 %
2026-09-26T19:30:40.6694921+06:00,5525934080,5555 MiB, 60 %
2026-09-26T19:30:41.2310087+06:00,5525938176,5555 MiB, 96 %
2026-09-26T19:30:41.7943511+06:00,5525938176,5555 MiB, 0 %
2026-09-26T19:30:42.3566021+06:00,5525938176,5555 MiB, 0 %
2026-09-26T19:30:42.9160328+06:00,5525938176,5555 MiB, 0 %
2026-09-26T19:30:43.4727935+06:00,5525938176,5555 MiB, 0 %
2026-09-26T19:30:44.0309403+06:00,5525938176,5555 MiB, 0 %
